,Vento,Freddo,Colpo_di_freddo
0,0,0,0
1,0,0,0
2,0,0,0
3,0,0,0
4,0,0,0
5,0,0,0
6,0,0,0
7,0,0,0
8,0,0,0
9,0,0,0
10,0,0,0
11,0,0,0
12,0,0,0
13,0,0,0
14,0,0,0
15,0,0,0
16,0,0,0
17,0,0,0
18,0,0,0
19,0,0,0
20,0,0,0
21,0,0,0
22,0,0,0
23,0,0,0
24,0,0,0
25,0,0,0
26,0,0,0
27,0,0,0
28,0,0,0
29,0,0,0
30,0,0,0
31,0,0,0
32,0,0,0
33,0,0,0
34,0,0,0
35,0,0,0
36,0,0,0
37,0,0,0
38,0,0,0
39,0,0,0
40,0,0,0
41,0,0,0
42,0,0,0
43,0,0,0
44,0,0,0
45,0,0,0
46,0,0,0
47,0,0,0
48,0,0,0
49,0,0,0
50,0,0,0
51,0,0,0
52,0,0,0
53,0,0,0
54,0,0,0
55,0,0,0
56,0,0,0
57,0,0,0
58,0,0,0
59,0,0,0
60,0,0,0
61,0,0,0
62,0,0,0
63,0,0,0
64,0,0,0
65,0,0,0
66,0,0,0
67,0,0,0
68,0,0,0
69,0,0,0
70,0,0,0
71,0,0,0
72,0,0,0
73,0,0,0
74,0,0,0
75,0,0,0
76,0,0,0
77,0,0,0
78,0,0,0
79,0,0,0
80,0,0,0
81,0,0,0
82,0,0,0
83,0,0,0
84,0,0,0
85,0,0,0
86,0,0,0
87,0,0,0
88,0,0,0
89,0,0,0
90,0,0,0
91,0,0,0
92,0,0,0
93,0,0,0
94,0,0,0
95,0,0,0
96,0,0,1
97,0,0,1
98,0,0,1
99,0,0,1
100,0,0,1
101,0,0,1
102,0,0,1
103,0,1,0
104,0,1,0
105,0,1,0
106,0,1,0
107,0,1,0
108,0,1,0
109,0,1,0
110,0,1,0
111,0,1,0
112,0,1,0
113,0,1,0
114,0,1,0
115,0,1,0
116,0,1,0
117,0,1,0
118,0,1,0
119,0,1,0
120,0,1,0
121,0,1,0
122,0,1,0
123,0,1,0
124,0,1,0
125,0,1,0
126,0,1,0
127,0,1,0
128,0,1,0
129,0,1,0
130,0,1,0
131,0,1,0
132,0,1,0
133,0,1,0
134,0,1,0
135,0,1,0
136,0,1,0
137,0,1,0
138,0,1,0
139,0,1,0
140,0,1,0
141,0,1,0
142,0,1,0
143,0,1,0
144,0,1,0
145,0,1,0
146,0,1,0
147,0,1,0
148,0,1,0
149,0,1,0
150,0,1,0
151,0,1,0
152,0,1,0
153,0,1,0
154,0,1,0
155,0,1,0
156,0,1,0
157,0,1,0
158,0,1,0
159,0,1,0
160,0,1,0
161,0,1,0
162,0,1,0
163,0,1,0
164,0,1,0
165,0,1,0
166,0,1,0
167,0,1,0
168,0,1,0
169,0,1,0
170,0,1,0
171,0,1,0
172,0,1,0
173,0,1,0
174,0,1,0
175,0,1,0
176,0,1,0
177,0,1,0
178,0,1,0
179,0,1,1
180,0,1,1
181,0,1,1
182,0,1,1
183,0,1,1
184,0,1,1
185,0,1,1
186,0,1,1
187,0,1,1
188,0,1,1
189,0,1,1
190,0,1,1
191,0,1,1
192,0,1,1
193,0,1,1
194,0,1,1
195,0,1,1
196,0,1,1
197,0,1,1
198,0,1,1
199,0,1,1
200,0,1,1
201,0,1,1
202,0,1,1
203,0,1,1
204,0,2,0
205,0,2,0
206,0,2,0
207,0,2,0
208,0,2,0
209,0,2,0
210,0,2,0
211,0,2,0
212,0,2,0
213,0,2,0
214,0,2,0
215,0,2,0
216,0,2,0
217,0,2,0
218,0,2,0
219,0,2,0
220,0,2,0
221,0,2,0
222,0,2,0
223,0,2,0
224,0,2,0
225,0,2,0
226,0,2,0
227,0,2,0
228,0,2,0
229,0,2,0
230,0,2,0
231,0,2,0
232,0,2,0
233,0,2,0
234,0,2,0
235,0,2,0
236,0,2,0
237,0,2,0
238,0,2,0
239,0,2,0
240,0,2,0
241,0,2,0
242,0,2,0
243,0,2,0
244,0,2,0
245,0,2,0
246,0,2,0
247,0,2,0
248,0,2,0
249,0,2,0
250,0,2,0
251,0,2,0
252,0,2,0
253,0,2,0
254,0,2,0
255,0,2,0
256,0,2,0
257,0,2,0
258,0,2,0
259,0,2,0
260,0,2,0
261,0,2,0
262,0,2,0
263,0,2,0
264,0,2,0
265,0,2,0
266,0,2,0
267,0,2,0
268,0,2,0
269,0,2,0
270,0,2,0
271,0,2,0
272,0,2,0
273,0,2,0
274,0,2,0
275,0,2,0
276,0,2,0
277,0,2,0
278,0,2,1
279,0,2,1
280,0,2,1
281,0,2,1
282,0,2,1
283,0,2,1
284,0,2,1
285,0,2,1
286,0,2,1
287,0,2,1
288,0,2,1
289,0,2,1
290,0,2,1
291,0,2,1
292,0,2,1
293,0,2,1
294,0,2,1
295,0,2,1
296,0,2,1
297,0,2,1
298,0,2,1
299,0,2,1
300,0,2,1
301,0,2,1
302,0,2,1
303,0,2,1
304,0,2,1
305,0,2,1
306,0,2,1
307,0,2,1
308,0,2,1
309,0,3,0
310,0,3,0
311,0,3,0
312,0,3,0
313,0,3,0
314,0,3,0
315,0,3,0
316,0,3,0
317,0,3,0
318,0,3,0
319,0,3,0
320,0,3,0
321,0,3,1
322,0,3,1
323,0,3,1
324,0,4,0
325,0,4,0
326,0,4,0
327,0,4,0
328,0,4,0
329,0,4,0
330,0,4,0
331,0,4,0
332,0,4,0
333,0,4,0
334,0,4,0
335,0,4,0
336,0,4,0
337,0,4,0
338,0,4,0
339,0,4,0
340,0,4,0
341,0,4,0
342,0,4,0
343,0,4,0
344,0,4,0
345,0,4,0
346,0,4,0
347,0,4,0
348,0,4,0
349,0,4,0
350,0,4,0
351,0,4,0
352,0,4,0
353,0,4,0
354,0,4,1
355,0,4,1
356,0,4,1
357,0,4,1
358,0,4,1
359,0,4,1
360,0,4,1
361,0,4,1
362,0,4,1
363,0,4,1
364,0,4,1
365,0,4,1
366,0,4,1
367,0,4,1
368,0,4,1
369,0,4,1
370,0,4,1
371,0,4,1
372,0,4,1
373,0,4,1
374,0,4,1
375,0,4,1
376,0,4,1
377,0,4,1
378,0,4,1
379,0,4,1
380,0,4,1
381,0,4,1
382,0,4,1
383,0,4,1
384,0,4,1
385,0,4,1
386,0,4,1
387,0,4,1
388,0,4,1
389,0,4,1
390,0,4,1
391,0,4,1
392,0,4,1
393,0,4,1
394,0,4,1
395,0,4,1
396,0,4,1
397,0,4,1
398,0,4,1
399,0,4,1
400,0,4,1
401,0,4,1
402,0,4,1
403,0,4,1
404,0,4,1
405,0,4,1
406,0,4,1
407,0,4,1
408,0,4,1
409,0,4,1
410,0,4,1
411,0,4,1
412,0,4,1
413,0,4,1
414,0,4,1
415,0,4,1
416,0,4,1
417,0,4,1
418,0,4,1
419,0,4,1
420,0,4,1
421,0,4,1
422,0,4,1
423,0,4,1
424,0,4,1
425,0,4,1
426,0,4,1
427,0,4,1
428,0,4,1
429,0,4,1
430,0,4,1
431,1,0,0
432,1,0,0
433,1,0,0
434,1,0,0
435,1,0,0
436,1,0,0
437,1,0,0
438,1,0,0
439,1,0,0
440,1,0,0
441,1,0,0
442,1,0,0
443,1,0,0
444,1,0,0
445,1,0,0
446,1,0,0
447,1,0,0
448,1,0,0
449,1,0,0
450,1,0,0
451,1,0,0
452,1,0,0
453,1,0,0
454,1,0,0
455,1,0,0
456,1,0,0
457,1,0,0
458,1,0,0
459,1,0,0
460,1,0,0
461,1,0,0
462,1,0,0
463,1,0,0
464,1,0,0
465,1,0,0
466,1,0,0
467,1,0,0
468,1,0,0
469,1,0,0
470,1,0,0
471,1,0,0
472,1,0,0
473,1,0,0
474,1,0,0
475,1,0,0
476,1,0,0
477,1,0,0
478,1,0,0
479,1,0,0
480,1,0,0
481,1,0,0
482,1,0,0
483,1,0,0
484,1,0,0
485,1,0,0
486,1,0,0
487,1,0,0
488,1,0,0
489,1,0,0
490,1,0,0
491,1,0,0
492,1,0,0
493,1,0,0
494,1,0,0
495,1,0,0
496,1,0,0
497,1,0,0
498,1,0,0
499,1,0,0
500,1,0,0
501,1,0,0
502,1,0,0
503,1,0,0
504,1,0,0
505,1,0,0
506,1,0,0
507,1,0,0
508,1,0,0
509,1,0,0
510,1,0,0
511,1,0,0
512,1,0,0
513,1,0,1
514,1,0,1
515,1,0,1
516,1,0,1
517,1,0,1
518,1,0,1
519,1,0,1
520,1,0,1
521,1,0,1
522,1,0,1
523,1,0,1
524,1,0,1
525,1,0,1
526,1,0,1
527,1,0,1
528,1,0,1
529,1,0,1
530,1,0,1
531,1,0,1
532,1,0,1
533,1,1,0
534,1,1,0
535,1,1,0
536,1,1,0
537,1,1,0
538,1,1,0
539,1,1,0
540,1,1,0
541,1,1,0
542,1,1,0
543,1,1,0
544,1,1,0
545,1,1,0
546,1,1,0
547,1,1,0
548,1,1,0
549,1,1,0
550,1,1,0
551,1,1,0
552,1,1,0
553,1,1,0
554,1,1,0
555,1,1,0
556,1,1,0
557,1,1,0
558,1,1,0
559,1,1,0
560,1,1,0
561,1,1,0
562,1,1,0
563,1,1,0
564,1,1,0
565,1,1,0
566,1,1,0
567,1,1,0
568,1,1,0
569,1,1,0
570,1,1,0
571,1,1,0
572,1,1,0
573,1,1,0
574,1,1,0
575,1,1,0
576,1,1,0
577,1,1,0
578,1,1,0
579,1,1,0
580,1,1,0
581,1,1,0
582,1,1,0
583,1,1,0
584,1,1,0
585,1,1,0
586,1,1,0
587,1,1,0
588,1,1,0
589,1,1,0
590,1,1,0
591,1,1,0
592,1,1,0
593,1,1,0
594,1,1,0
595,1,1,0
596,1,1,1
597,1,1,1
598,1,1,1
599,1,1,1
600,1,1,1
601,1,1,1
602,1,1,1
603,1,1,1
604,1,1,1
605,1,1,1
606,1,1,1
607,1,1,1
608,1,1,1
609,1,1,1
610,1,1,1
611,1,1,1
612,1,1,1
613,1,1,1
614,1,1,1
615,1,1,1
616,1,1,1
617,1,1,1
618,1,1,1
619,1,1,1
620,1,1,1
621,1,1,1
622,1,1,1
623,1,1,1
624,1,1,1
625,1,1,1
626,1,1,1
627,1,1,1
628,1,1,1
629,1,1,1
630,1,1,1
631,1,1,1
632,1,1,1
633,1,1,1
634,1,1,1
635,1,1,1
636,1,2,0
637,1,2,0
638,1,2,0
639,1,2,0
640,1,2,0
641,1,2,0
642,1,2,0
643,1,2,0
644,1,2,0
645,1,2,0
646,1,2,0
647,1,2,0
648,1,2,0
649,1,2,0
650,1,2,0
651,1,2,0
652,1,2,0
653,1,2,0
654,1,2,0
655,1,2,0
656,1,2,0
657,1,2,0
658,1,2,0
659,1,2,0
660,1,2,0
661,1,2,0
662,1,2,0
663,1,2,0
664,1,2,0
665,1,2,0
666,1,2,0
667,1,2,0
668,1,2,1
669,1,2,1
670,1,2,1
671,1,2,1
672,1,2,1
673,1,2,1
674,1,2,1
675,1,2,1
676,1,2,1
677,1,2,1
678,1,2,1
679,1,2,1
680,1,2,1
681,1,2,1
682,1,2,1
683,1,2,1
684,1,2,1
685,1,2,1
686,1,2,1
687,1,2,1
688,1,2,1
689,1,2,1
690,1,2,1
691,1,2,1
692,1,2,1
693,1,2,1
694,1,2,1
695,1,2,1
696,1,2,1
697,1,2,1
698,1,2,1
699,1,2,1
700,1,2,1
701,1,2,1
702,1,2,1
703,1,2,1
704,1,2,1
705,1,2,1
706,1,2,1
707,1,2,1
708,1,2,1
709,1,2,1
710,1,2,1
711,1,2,1
712,1,2,1
713,1,2,1
714,1,2,1
715,1,2,1
716,1,2,1
717,1,2,1
718,1,2,1
719,1,2,1
720,1,2,1
721,1,2,1
722,1,2,1
723,1,2,1
724,1,2,1
725,1,2,1
726,1,2,1
727,1,2,1
728,1,2,1
729,1,2,1
730,1,2,1
731,1,2,1
732,1,2,1
733,1,2,1
734,1,2,1
735,1,2,1
736,1,2,1
737,1,2,1
738,1,2,1
739,1,2,1
740,1,2,1
741,1,3,0
742,1,3,0
743,1,3,0
744,1,3,0
745,1,3,0
746,1,3,0
747,1,3,0
748,1,3,0
749,1,3,0
750,1,3,0
751,1,3,0
752,1,3,0
753,1,3,0
754,1,3,0
755,1,3,0
756,1,3,0
757,1,3,0
758,1,3,0
759,1,3,0
760,1,3,0
761,1,3,0
762,1,3,0
763,1,3,0
764,1,3,0
765,1,3,0
766,1,3,0
767,1,3,0
768,1,3,0
769,1,3,0
770,1,3,0
771,1,3,1
772,1,3,1
773,1,3,1
774,1,3,1
775,1,3,1
776,1,3,1
777,1,3,1
778,1,3,1
779,1,3,1
780,1,3,1
781,1,3,1
782,1,3,1
783,1,3,1
784,1,3,1
785,1,3,1
786,1,3,1
787,1,3,1
788,1,3,1
789,1,3,1
790,1,3,1
791,1,3,1
792,1,3,1
793,1,3,1
794,1,3,1
795,1,3,1
796,1,3,1
797,1,3,1
798,1,3,1
799,1,3,1
800,1,3,1
801,1,3,1
802,1,3,1
803,1,3,1
804,1,3,1
805,1,3,1
806,1,3,1
807,1,3,1
808,1,3,1
809,1,3,1
810,1,3,1
811,1,3,1
812,1,3,1
813,1,3,1
814,1,3,1
815,1,3,1
816,1,3,1
817,1,3,1
818,1,3,1
819,1,3,1
820,1,3,1
821,1,3,1
822,1,3,1
823,1,3,1
824,1,3,1
825,1,3,1
826,1,3,1
827,1,3,1
828,1,3,1
829,1,3,1
830,1,3,1
831,1,3,1
832,1,3,1
833,1,3,1
834,1,3,1
835,1,3,1
836,1,3,1
837,1,3,1
838,1,3,1
839,1,3,1
840,1,3,1
841,1,3,1
842,1,3,1
843,1,3,1
844,1,3,1
845,1,3,1
846,1,3,1
847,1,3,0
848,1,4,0
849,1,4,0
850,1,4,0
851,1,4,0
852,1,4,0
853,1,4,0
854,1,4,0
855,1,4,0
856,1,4,0
857,1,4,0
858,1,4,0
859,1,4,0
860,1,4,0
861,1,4,0
862,1,4,0
863,1,4,0
864,1,4,0
865,1,4,1
866,1,4,1
867,1,4,1
868,1,4,1
869,1,4,1
870,1,4,1
871,1,4,1
872,1,4,1
873,1,4,1
874,1,4,1
875,1,4,1
876,1,4,1
877,1,4,1
878,1,4,1
879,1,4,1
880,1,4,1
881,1,4,1
882,1,4,1
883,1,4,1
884,1,4,1
885,1,4,1
886,1,4,1
887,1,4,1
888,1,4,1
889,1,4,1
890,1,4,1
891,1,4,1
892,1,4,1
893,1,4,1
894,1,4,1
895,1,4,1
896,1,4,1
897,1,4,1
898,1,4,1
899,1,4,1
900,1,4,1
901,1,4,1
902,1,4,1
903,1,4,1
904,1,4,1
905,1,4,1
906,1,4,1
907,1,4,1
908,1,4,1
909,1,4,1
910,1,4,1
911,1,4,1
912,1,4,1
913,1,4,1
914,1,4,1
915,1,4,1
916,1,4,1
917,1,4,1
918,1,4,1
919,1,4,1
920,1,4,1
921,1,4,1
922,1,4,1
923,1,4,1
924,1,4,1
925,1,4,1
926,1,4,1
927,1,4,1
928,1,4,1
929,1,4,1
930,1,4,1
931,1,4,1
932,1,4,1
933,1,4,1
934,1,4,1
935,1,4,1
936,1,4,1
937,1,4,1
938,1,4,1
939,1,4,1
940,1,4,1
941,1,4,1
942,1,4,1
943,1,4,1
944,1,4,1
945,1,4,1
946,1,4,1
947,1,4,1
948,2,0,0
949,2,0,0
950,2,0,0
951,2,0,0
952,2,0,0
953,2,0,0
954,2,0,0
955,2,0,0
956,2,0,0
957,2,0,0
958,2,0,0
959,2,0,0
960,2,0,0
961,2,0,0
962,2,0,0
963,2,0,0
964,2,0,0
965,2,0,0
966,2,0,0
967,2,0,0
968,2,0,0
969,2,0,0
970,2,0,0
971,2,0,0
972,2,0,0
973,2,0,0
974,2,0,0
975,2,0,0
976,2,0,0
977,2,0,0
978,2,0,0
979,2,0,0
980,2,0,0
981,2,0,0
982,2,0,0
983,2,0,0
984,2,0,0
985,2,0,0
986,2,0,0
987,2,0,0
988,2,0,0
989,2,0,0
990,2,0,0
991,2,0,0
992,2,0,0
993,2,0,0
994,2,0,0
995,2,0,0
996,2,0,0
997,2,0,0
998,2,0,0
999,2,0,0
1000,2,0,0
1001,2,0,0
1002,2,0,0
1003,2,0,0
1004,2,0,0
1005,2,0,0
1006,2,0,0
1007,2,0,0
1008,2,0,0
1009,2,0,0
1010,2,0,0
1011,2,0,0
1012,2,0,0
1013,2,0,0
1014,2,0,0
1015,2,0,0
1016,2,0,1
1017,2,0,1
1018,2,0,1
1019,2,0,1
1020,2,0,1
1021,2,0,1
1022,2,0,1
1023,2,0,1
1024,2,0,1
1025,2,0,1
1026,2,0,1
1027,2,0,1
1028,2,0,1
1029,2,0,1
1030,2,0,1
1031,2,0,1
1032,2,0,1
1033,2,0,1
1034,2,0,1
1035,2,0,1
1036,2,0,1
1037,2,0,1
1038,2,0,1
1039,2,0,1
1040,2,0,1
1041,2,0,1
1042,2,0,1
1043,2,0,1
1044,2,0,1
1045,2,0,1
1046,2,0,1
1047,2,0,1
1048,2,1,0
1049,2,1,0
1050,2,1,0
1051,2,1,0
1052,2,1,0
1053,2,1,0
1054,2,1,0
1055,2,1,0
1056,2,1,0
1057,2,1,0
1058,2,1,0
1059,2,1,0
1060,2,1,0
1061,2,1,0
1062,2,1,0
1063,2,1,0
1064,2,1,0
1065,2,1,0
1066,2,1,0
1067,2,1,0
1068,2,1,0
1069,2,1,0
1070,2,1,0
1071,2,1,0
1072,2,1,0
1073,2,1,0
1074,2,1,0
1075,2,1,0
1076,2,1,0
1077,2,1,0
1078,2,1,0
1079,2,1,0
1080,2,1,0
1081,2,1,0
1082,2,1,0
1083,2,1,0
1084,2,1,0
1085,2,1,0
1086,2,1,0
1087,2,1,0
1088,2,1,0
1089,2,1,0
1090,2,1,0
1091,2,1,0
1092,2,1,0
1093,2,1,0
1094,2,1,0
1095,2,1,0
1096,2,1,0
1097,2,1,0
1098,2,1,0
1099,2,1,0
1100,2,1,0
1101,2,1,0
1102,2,1,0
1103,2,1,0
1104,2,1,0
1105,2,1,0
1106,2,1,1
1107,2,1,1
1108,2,1,1
1109,2,1,1
1110,2,1,1
1111,2,1,1
1112,2,1,1
1113,2,1,1
1114,2,1,1
1115,2,1,1
1116,2,1,1
1117,2,1,1
1118,2,1,1
1119,2,1,1
1120,2,1,1
1121,2,1,1
1122,2,1,1
1123,2,1,1
1124,2,1,1
1125,2,1,1
1126,2,1,1
1127,2,1,1
1128,2,1,1
1129,2,1,1
1130,2,1,1
1131,2,1,1
1132,2,1,1
1133,2,1,1
1134,2,1,1
1135,2,1,1
1136,2,1,1
1137,2,1,1
1138,2,1,1
1139,2,1,1
1140,2,1,1
1141,2,1,1
1142,2,1,1
1143,2,1,1
1144,2,1,1
1145,2,1,1
1146,2,1,1
1147,2,1,1
1148,2,2,0
1149,2,2,0
1150,2,2,0
1151,2,2,0
1152,2,2,0
1153,2,2,0
1154,2,2,0
1155,2,2,0
1156,2,2,0
1157,2,2,0
1158,2,2,0
1159,2,2,0
1160,2,2,0
1161,2,2,0
1162,2,2,0
1163,2,2,0
1164,2,2,0
1165,2,2,0
1166,2,2,0
1167,2,2,0
1168,2,2,0
1169,2,2,0
1170,2,2,0
1171,2,2,0
1172,2,2,0
1173,2,2,0
1174,2,2,0
1175,2,2,0
1176,2,2,0
1177,2,2,0
1178,2,2,0
1179,2,2,0
1180,2,2,0
1181,2,2,0
1182,2,2,0
1183,2,2,0
1184,2,2,0
1185,2,2,1
1186,2,2,1
1187,2,2,1
1188,2,2,1
1189,2,2,1
1190,2,2,1
1191,2,2,1
1192,2,2,1
1193,2,2,1
1194,2,2,1
1195,2,2,1
1196,2,2,1
1197,2,2,1
1198,2,2,1
1199,2,2,1
1200,2,2,1
1201,2,2,1
1202,2,2,1
1203,2,2,1
1204,2,2,1
1205,2,2,1
1206,2,2,1
1207,2,2,1
1208,2,2,1
1209,2,2,1
1210,2,2,1
1211,2,2,1
1212,2,2,1
1213,2,2,1
1214,2,2,1
1215,2,2,1
1216,2,2,1
1217,2,2,1
1218,2,2,1
1219,2,2,1
1220,2,2,1
1221,2,2,1
1222,2,2,1
1223,2,2,1
1224,2,2,1
1225,2,2,1
1226,2,2,1
1227,2,2,1
1228,2,2,1
1229,2,2,1
1230,2,2,1
1231,2,2,1
1232,2,2,1
1233,2,2,1
1234,2,2,1
1235,2,2,1
1236,2,2,1
1237,2,2,1
1238,2,2,1
1239,2,2,1
1240,2,2,1
1241,2,2,1
1242,2,2,1
1243,2,2,1
1244,2,2,1
1245,2,2,1
1246,2,2,1
1247,2,2,1
1248,2,2,1
1249,2,2,1
1250,2,2,1
1251,2,3,0
1252,2,3,0
1253,2,3,0
1254,2,3,0
1255,2,3,0
1256,2,3,0
1257,2,3,0
1258,2,3,0
1259,2,3,0
1260,2,3,0
1261,2,3,0
1262,2,3,0
1263,2,3,0
1264,2,3,0
1265,2,3,0
1266,2,3,0
1267,2,3,0
1268,2,3,0
1269,2,3,0
1270,2,3,1
1271,2,3,1
1272,2,3,1
1273,2,3,1
1274,2,3,1
1275,2,3,1
1276,2,3,1
1277,2,3,1
1278,2,3,1
1279,2,3,1
1280,2,3,1
1281,2,3,1
1282,2,3,1
1283,2,3,1
1284,2,3,1
1285,2,3,1
1286,2,3,1
1287,2,3,1
1288,2,3,1
1289,2,3,1
1290,2,3,1
1291,2,3,1
1292,2,3,1
1293,2,3,1
1294,2,3,1
1295,2,3,1
1296,2,3,1
1297,2,3,1
1298,2,3,1
1299,2,3,1
1300,2,3,1
1301,2,3,1
1302,2,3,1
1303,2,3,1
1304,2,3,1
1305,2,3,1
1306,2,3,1
1307,2,3,1
1308,2,3,1
1309,2,3,1
1310,2,3,1
1311,2,3,1
1312,2,3,1
1313,2,3,1
1314,2,3,1
1315,2,3,1
1316,2,3,1
1317,2,3,1
1318,2,3,1
1319,2,3,1
1320,2,3,1
1321,2,3,1
1322,2,3,1
1323,2,3,1
1324,2,3,1
1325,2,3,1
1326,2,3,1
1327,2,3,1
1328,2,3,1
1329,2,3,1
1330,2,3,1
1331,2,3,1
1332,2,3,1
1333,2,3,1
1334,2,3,1
1335,2,3,1
1336,2,3,1
1337,2,3,1
1338,2,3,1
1339,2,3,1
1340,2,3,1
1341,2,3,1
1342,2,3,1
1343,2,3,1
1344,2,3,1
1345,2,3,1
1346,2,3,1
1347,2,3,1
1348,2,3,1
1349,2,3,1
1350,2,3,1
1351,2,3,1
1352,2,3,1
1353,2,3,1
1354,2,3,1
1355,2,4,0
1356,2,4,0
1357,2,4,0
1358,2,4,0
1359,2,4,0
1360,2,4,0
1361,2,4,0
1362,2,4,1
1363,2,4,1
1364,2,4,1
1365,2,4,1
1366,2,4,1
1367,2,4,1
1368,2,4,1
1369,2,4,1
1370,2,4,1
1371,2,4,1
1372,2,4,1
1373,2,4,1
1374,2,4,1
1375,2,4,1
1376,2,4,1
1377,2,4,1
1378,2,4,1
1379,2,4,1
1380,2,4,1
1381,2,4,1
1382,2,4,1
1383,2,4,1
1384,2,4,1
1385,2,4,1
1386,2,4,1
1387,2,4,1
1388,2,4,1
1389,2,4,1
1390,2,4,1
1391,2,4,1
1392,2,4,1
1393,2,4,1
1394,2,4,1
1395,2,4,1
1396,2,4,1
1397,2,4,1
1398,2,4,1
1399,2,4,1
1400,2,4,1
1401,2,4,1
1402,2,4,1
1403,2,4,1
1404,2,4,1
1405,2,4,1
1406,2,4,1
1407,2,4,1
1408,2,4,1
1409,2,4,1
1410,2,4,1
1411,2,4,1
1412,2,4,1
1413,2,4,1
1414,2,4,1
1415,2,4,1
1416,2,4,1
1417,2,4,1
1418,2,4,1
1419,2,4,1
1420,2,4,1
1421,2,4,1
1422,2,4,1
1423,2,4,1
1424,2,4,1
1425,2,4,1
1426,2,4,1
1427,2,4,1
1428,2,4,1
1429,2,4,1
1430,2,4,1
1431,2,4,1
1432,2,4,1
1433,2,4,1
1434,2,4,1
1435,2,4,1
1436,2,4,1
1437,2,4,1
1438,2,4,1
1439,2,4,1
1440,2,4,1
1441,2,4,1
1442,2,4,1
1443,2,4,1
1444,2,4,1
1445,2,4,1
1446,2,4,1
1447,2,4,1
1448,2,4,1
1449,2,4,1
1450,2,4,1
1451,2,4,1
1452,2,4,1
1453,2,4,1
1454,2,4,1
1455,3,0,0
1456,3,0,0
1457,3,0,0
1458,3,0,0
1459,3,0,0
1460,3,0,0
1461,3,0,0
1462,3,0,0
1463,3,0,0
1464,3,0,0
1465,3,0,0
1466,3,0,0
1467,3,0,0
1468,3,0,0
1469,3,0,0
1470,3,0,0
1471,3,0,0
1472,3,0,0
1473,3,0,0
1474,3,0,0
1475,3,0,0
1476,3,0,0
1477,3,0,0
1478,3,0,0
1479,3,0,0
1480,3,0,0
1481,3,0,0
1482,3,0,0
1483,3,0,0
1484,3,0,0
1485,3,0,0
1486,3,0,0
1487,3,0,0
1488,3,0,0
1489,3,0,0
1490,3,0,0
1491,3,0,0
1492,3,0,0
1493,3,0,0
1494,3,0,0
1495,3,0,0
1496,3,0,0
1497,3,0,0
1498,3,0,0
1499,3,0,0
1500,3,0,0
1501,3,0,0
1502,3,0,0
1503,3,0,0
1504,3,0,0
1505,3,0,0
1506,3,0,0
1507,3,0,0
1508,3,0,0
1509,3,0,0
1510,3,0,0
1511,3,0,0
1512,3,0,0
1513,3,0,0
1514,3,0,0
1515,3,0,0
1516,3,0,0
1517,3,0,0
1518,3,0,0
1519,3,0,0
1520,3,0,1
1521,3,0,1
1522,3,0,1
1523,3,0,1
1524,3,0,1
1525,3,0,1
1526,3,0,1
1527,3,0,1
1528,3,0,1
1529,3,0,1
1530,3,0,1
1531,3,0,1
1532,3,0,1
1533,3,0,1
1534,3,0,1
1535,3,0,1
1536,3,0,1
1537,3,0,1
1538,3,0,1
1539,3,0,1
1540,3,0,1
1541,3,0,1
1542,3,0,1
1543,3,0,1
1544,3,0,1
1545,3,0,1
1546,3,0,1
1547,3,0,1
1548,3,0,1
1549,3,0,1
1550,3,0,1
1551,3,0,1
1552,3,0,1
1553,3,0,1
1554,3,0,1
1555,3,0,1
1556,3,0,1
1557,3,1,0
1558,3,1,0
1559,3,1,0
1560,3,1,0
1561,3,1,0
1562,3,1,0
1563,3,1,0
1564,3,1,0
1565,3,1,0
1566,3,1,0
1567,3,1,0
1568,3,1,0
1569,3,1,0
1570,3,1,0
1571,3,1,0
1572,3,1,0
1573,3,1,0
1574,3,1,0
1575,3,1,0
1576,3,1,0
1577,3,1,0
1578,3,1,0
1579,3,1,0
1580,3,1,0
1581,3,1,0
1582,3,1,0
1583,3,1,0
1584,3,1,0
1585,3,1,0
1586,3,1,0
1587,3,1,0
1588,3,1,0
1589,3,1,0
1590,3,1,0
1591,3,1,0
1592,3,1,0
1593,3,1,0
1594,3,1,0
1595,3,1,0
1596,3,1,0
1597,3,1,0
1598,3,1,0
1599,3,1,1
1600,3,1,1
1601,3,1,1
1602,3,1,1
1603,3,1,1
1604,3,1,1
1605,3,1,1
1606,3,1,1
1607,3,1,1
1608,3,1,1
1609,3,1,1
1610,3,1,1
1611,3,1,1
1612,3,1,1
1613,3,1,1
1614,3,1,1
1615,3,1,1
1616,3,1,1
1617,3,1,1
1618,3,1,1
1619,3,1,1
1620,3,1,1
1621,3,1,1
1622,3,1,1
1623,3,1,1
1624,3,1,1
1625,3,1,1
1626,3,1,1
1627,3,1,1
1628,3,1,1
1629,3,1,1
1630,3,1,1
1631,3,1,1
1632,3,1,1
1633,3,1,1
1634,3,1,1
1635,3,1,1
1636,3,1,1
1637,3,1,1
1638,3,1,1
1639,3,1,1
1640,3,1,1
1641,3,1,1
1642,3,1,1
1643,3,1,1
1644,3,1,1
1645,3,1,1
1646,3,1,1
1647,3,1,1
1648,3,1,1
1649,3,1,1
1650,3,1,1
1651,3,1,1
1652,3,1,1
1653,3,1,1
1654,3,1,1
1655,3,1,1
1656,3,1,1
1657,3,2,0
1658,3,2,0
1659,3,2,0
1660,3,2,0
1661,3,2,0
1662,3,2,0
1663,3,2,0
1664,3,2,0
1665,3,2,0
1666,3,2,0
1667,3,2,0
1668,3,2,0
1669,3,2,0
1670,3,2,0
1671,3,2,0
1672,3,2,0
1673,3,2,0
1674,3,2,0
1675,3,2,0
1676,3,2,0
1677,3,2,0
1678,3,2,0
1679,3,2,0
1680,3,2,0
1681,3,2,0
1682,3,2,0
1683,3,2,0
1684,3,2,0
1685,3,2,0
1686,3,2,0
1687,3,2,0
1688,3,2,0
1689,3,2,1
1690,3,2,1
1691,3,2,1
1692,3,2,1
1693,3,2,1
1694,3,2,1
1695,3,2,1
1696,3,2,1
1697,3,2,1
1698,3,2,1
1699,3,2,1
1700,3,2,1
1701,3,2,1
1702,3,2,1
1703,3,2,1
1704,3,2,1
1705,3,2,1
1706,3,2,1
1707,3,2,1
1708,3,2,1
1709,3,2,1
1710,3,2,1
1711,3,2,1
1712,3,2,1
1713,3,2,1
1714,3,2,1
1715,3,2,1
1716,3,2,1
1717,3,2,1
1718,3,2,1
1719,3,2,1
1720,3,2,1
1721,3,2,1
1722,3,2,1
1723,3,2,1
1724,3,2,1
1725,3,2,1
1726,3,2,1
1727,3,2,1
1728,3,2,1
1729,3,2,1
1730,3,2,1
1731,3,2,1
1732,3,2,1
1733,3,2,1
1734,3,2,1
1735,3,2,1
1736,3,2,1
1737,3,2,1
1738,3,2,1
1739,3,2,1
1740,3,2,1
1741,3,2,1
1742,3,2,1
1743,3,2,1
1744,3,2,1
1745,3,2,1
1746,3,2,1
1747,3,2,1
1748,3,2,1
1749,3,2,1
1750,3,2,1
1751,3,2,1
1752,3,2,1
1753,3,2,1
1754,3,2,1
1755,3,2,1
1756,3,2,1
1757,3,2,1
1758,3,2,1
1759,3,3,0
1760,3,3,0
1761,3,3,0
1762,3,3,0
1763,3,3,0
1764,3,3,0
1765,3,3,0
1766,3,3,0
1767,3,3,1
1768,3,3,1
1769,3,3,1
1770,3,3,1
1771,3,3,1
1772,3,3,1
1773,3,3,1
1774,3,3,1
1775,3,3,1
1776,3,3,1
1777,3,3,1
1778,3,3,1
1779,3,3,1
1780,3,3,1
1781,3,3,1
1782,3,3,1
1783,3,3,1
1784,3,3,1
1785,3,3,1
1786,3,3,1
1787,3,3,1
1788,3,3,1
1789,3,3,1
1790,3,3,1
1791,3,3,1
1792,3,3,1
1793,3,3,1
1794,3,3,1
1795,3,3,1
1796,3,3,1
1797,3,3,1
1798,3,3,1
1799,3,3,1
1800,3,3,1
1801,3,3,1
1802,3,3,1
1803,3,3,1
1804,3,3,1
1805,3,3,1
1806,3,3,1
1807,3,3,1
1808,3,3,1
1809,3,3,1
1810,3,3,1
1811,3,3,1
1812,3,3,1
1813,3,3,1
1814,3,3,1
1815,3,3,1
1816,3,3,1
1817,3,3,1
1818,3,3,1
1819,3,3,1
1820,3,3,1
1821,3,3,1
1822,3,3,1
1823,3,3,1
1824,3,3,1
1825,3,3,1
1826,3,3,1
1827,3,3,1
1828,3,3,1
1829,3,3,1
1830,3,3,1
1831,3,3,1
1832,3,3,1
1833,3,3,1
1834,3,3,1
1835,3,3,1
1836,3,3,1
1837,3,3,1
1838,3,3,1
1839,3,3,1
1840,3,3,1
1841,3,3,1
1842,3,3,1
1843,3,3,1
1844,3,3,1
1845,3,3,1
1846,3,3,1
1847,3,3,1
1848,3,3,1
1849,3,3,1
1850,3,3,1
1851,3,3,1
1852,3,3,1
1853,3,3,1
1854,3,3,1
1855,3,3,1
1856,3,3,1
1857,3,3,1
1858,3,3,1
1859,3,3,1
1860,3,3,1
1861,3,3,1
1862,3,3,1
1863,3,3,1
1864,3,3,1
1865,3,3,1
1866,3,3,1
1867,3,3,1
1868,3,4,0
1869,3,4,0
1870,3,4,0
1871,3,4,0
1872,3,4,0
1873,3,4,0
1874,3,4,0
1875,3,4,1
1876,3,4,1
1877,3,4,1
1878,3,4,1
1879,3,4,1
1880,3,4,1
1881,3,4,1
1882,3,4,1
1883,3,4,1
1884,3,4,1
1885,3,4,1
1886,3,4,1
1887,3,4,1
1888,3,4,1
1889,3,4,1
1890,3,4,1
1891,3,4,1
1892,3,4,1
1893,3,4,1
1894,3,4,1
1895,3,4,1
1896,3,4,1
1897,3,4,1
1898,3,4,1
1899,3,4,1
1900,3,4,1
1901,3,4,1
1902,3,4,1
1903,3,4,1
1904,3,4,1
1905,3,4,1
1906,3,4,1
1907,3,4,1
1908,3,4,1
1909,3,4,1
1910,3,4,1
1911,3,4,1
1912,3,4,1
1913,3,4,1
1914,3,4,1
1915,3,4,1
1916,3,4,1
1917,3,4,1
1918,3,4,1
1919,3,4,1
1920,3,4,1
1921,3,4,1
1922,3,4,1
1923,3,4,1
1924,3,4,1
1925,3,4,1
1926,3,4,1
1927,3,4,1
1928,3,4,1
1929,3,4,1
1930,3,4,1
1931,3,4,1
1932,3,4,1
1933,3,4,1
1934,3,4,1
1935,3,4,1
1936,3,4,1
1937,3,4,1
1938,3,4,1
1939,3,4,1
1940,3,4,1
1941,3,4,1
1942,3,4,1
1943,3,4,1
1944,3,4,1
1945,3,4,1
1946,3,4,1
1947,3,4,1
1948,3,4,1
1949,3,4,1
1950,3,4,1
1951,3,4,1
1952,3,4,1
1953,3,4,1
1954,3,4,1
1955,3,4,1
1956,3,4,1
1957,3,4,1
1958,3,4,1
1959,3,4,1
1960,3,4,1
1961,3,4,1
1962,3,4,1
1963,3,4,1
1964,3,4,1
1965,3,4,1
1966,3,4,1
1967,3,4,1
1968,4,0,0
1969,4,0,0
1970,4,0,0
1971,4,0,0
1972,4,0,0
1973,4,0,0
1974,4,0,0
1975,4,0,0
1976,4,0,0
1977,4,0,0
1978,4,0,0
1979,4,0,0
1980,4,0,0
1981,4,0,0
1982,4,0,0
1983,4,0,0
1984,4,0,0
1985,4,0,0
1986,4,0,0
1987,4,0,0
1988,4,0,0
1989,4,0,0
1990,4,0,0
1991,4,0,0
1992,4,0,0
1993,4,0,0
1994,4,0,0
1995,4,0,0
1996,4,0,0
1997,4,0,0
1998,4,0,0
1999,4,0,0
2000,4,0,0
2001,4,0,0
2002,4,0,0
2003,4,0,0
2004,4,0,0
2005,4,0,0
2006,4,0,0
2007,4,0,0
2008,4,0,0
2009,4,0,0
2010,4,0,0
2011,4,0,1
2012,4,0,1
2013,4,0,1
2014,4,0,1
2015,4,0,1
2016,4,0,1
2017,4,0,1
2018,4,0,1
2019,4,0,1
2020,4,0,1
2021,4,0,1
2022,4,0,1
2023,4,0,1
2024,4,0,1
2025,4,0,1
2026,4,0,1
2027,4,0,1
2028,4,0,1
2029,4,0,1
2030,4,0,1
2031,4,0,1
2032,4,0,1
2033,4,0,1
2034,4,0,1
2035,4,0,1
2036,4,0,1
2037,4,0,1
2038,4,0,1
2039,4,0,1
2040,4,0,1
2041,4,0,1
2042,4,0,1
2043,4,0,1
2044,4,0,1
2045,4,0,1
2046,4,0,1
2047,4,0,1
2048,4,0,1
2049,4,0,1
2050,4,0,1
2051,4,0,1
2052,4,0,1
2053,4,0,1
2054,4,0,1
2055,4,0,1
2056,4,0,1
2057,4,0,1
2058,4,0,1
2059,4,0,1
2060,4,0,1
2061,4,0,1
2062,4,0,1
2063,4,0,1
2064,4,0,1
2065,4,0,1
2066,4,0,1
2067,4,0,1
2068,4,0,1
2069,4,0,1
2070,4,0,1
2071,4,0,1
2072,4,0,1
2073,4,0,1
2074,4,0,1
2075,4,1,0
2076,4,1,0
2077,4,1,0
2078,4,1,0
2079,4,1,0
2080,4,1,0
2081,4,1,0
2082,4,1,0
2083,4,1,0
2084,4,1,0
2085,4,1,0
2086,4,1,0
2087,4,1,0
2088,4,1,0
2089,4,1,0
2090,4,1,0
2091,4,1,0
2092,4,1,0
2093,4,1,0
2094,4,1,0
2095,4,1,0
2096,4,1,0
2097,4,1,0
2098,4,1,0
2099,4,1,0
2100,4,1,0
2101,4,1,0
2102,4,1,0
2103,4,1,0
2104,4,1,0
2105,4,1,0
2106,4,1,1
2107,4,1,1
2108,4,1,1
2109,4,1,1
2110,4,1,1
2111,4,1,1
2112,4,1,1
2113,4,1,1
2114,4,1,1
2115,4,1,1
2116,4,1,1
2117,4,1,1
2118,4,1,1
2119,4,1,1
2120,4,1,1
2121,4,1,1
2122,4,1,1
2123,4,1,1
2124,4,1,1
2125,4,1,1
2126,4,1,1
2127,4,1,1
2128,4,1,1
2129,4,1,1
2130,4,1,1
2131,4,1,1
2132,4,1,1
2133,4,1,1
2134,4,1,1
2135,4,1,1
2136,4,1,1
2137,4,1,1
2138,4,1,1
2139,4,1,1
2140,4,1,1
2141,4,1,1
2142,4,1,1
2143,4,1,1
2144,4,1,1
2145,4,1,1
2146,4,1,1
2147,4,1,1
2148,4,1,1
2149,4,1,1
2150,4,1,1
2151,4,1,1
2152,4,1,1
2153,4,1,1
2154,4,1,1
2155,4,1,1
2156,4,1,1
2157,4,1,1
2158,4,1,1
2159,4,1,1
2160,4,1,1
2161,4,1,1
2162,4,1,1
2163,4,1,1
2164,4,1,1
2165,4,1,1
2166,4,1,1
2167,4,1,1
2168,4,1,1
2169,4,1,1
2170,4,1,1
2171,4,1,1
2172,4,1,1
2173,4,1,1
2174,4,1,1
2175,4,1,1
2176,4,1,1
2177,4,1,1
2178,4,1,1
2179,4,1,1
2180,4,1,1
2181,4,1,1
2182,4,1,1
2183,4,1,1
2184,4,1,1
2185,4,1,1
2186,4,1,1
2187,4,1,1
2188,4,1,1
2189,4,2,0
2190,4,2,0
2191,4,2,0
2192,4,2,0
2193,4,2,0
2194,4,2,0
2195,4,2,0
2196,4,2,0
2197,4,2,0
2198,4,2,0
2199,4,2,0
2200,4,2,0
2201,4,2,0
2202,4,2,0
2203,4,2,0
2204,4,2,0
2205,4,2,0
2206,4,2,1
2207,4,2,1
2208,4,2,1
2209,4,2,1
2210,4,2,1
2211,4,2,1
2212,4,2,1
2213,4,2,1
2214,4,2,1
2215,4,2,1
2216,4,2,1
2217,4,2,1
2218,4,2,1
2219,4,2,1
2220,4,2,1
2221,4,2,1
2222,4,2,1
2223,4,2,1
2224,4,2,1
2225,4,2,1
2226,4,2,1
2227,4,2,1
2228,4,2,1
2229,4,2,1
2230,4,2,1
2231,4,2,1
2232,4,2,1
2233,4,2,1
2234,4,2,1
2235,4,2,1
2236,4,2,1
2237,4,2,1
2238,4,2,1
2239,4,2,1
2240,4,2,1
2241,4,2,1
2242,4,2,1
2243,4,2,1
2244,4,2,1
2245,4,2,1
2246,4,2,1
2247,4,2,1
2248,4,2,1
2249,4,2,1
2250,4,2,1
2251,4,2,1
2252,4,2,1
2253,4,2,1
2254,4,2,1
2255,4,2,1
2256,4,2,1
2257,4,2,1
2258,4,2,1
2259,4,2,1
2260,4,2,1
2261,4,2,1
2262,4,2,1
2263,4,2,1
2264,4,2,1
2265,4,2,1
2266,4,2,1
2267,4,2,1
2268,4,2,1
2269,4,2,1
2270,4,2,1
2271,4,2,1
2272,4,2,1
2273,4,2,1
2274,4,2,1
2275,4,2,1
2276,4,2,1
2277,4,2,1
2278,4,2,1
2279,4,2,1
2280,4,2,1
2281,4,2,1
2282,4,2,1
2283,4,2,1
2284,4,2,1
2285,4,2,1
2286,4,2,1
2287,4,2,1
2288,4,2,1
2289,4,2,1
2290,4,2,1
2291,4,2,1
2292,4,2,1
2293,4,2,1
2294,4,2,1
2295,4,2,1
2296,4,2,1
2297,4,2,1
2298,4,2,1
2299,4,2,1
2300,4,2,1
2301,4,2,1
2302,4,2,1
2303,4,2,1
2304,4,2,1
2305,4,2,1
2306,4,2,1
2307,4,2,1
2308,4,2,1
2309,4,3,0
2310,4,3,0
2311,4,3,0
2312,4,3,0
2313,4,3,0
2314,4,3,0
2315,4,3,0
2316,4,3,1
2317,4,3,1
2318,4,3,1
2319,4,3,1
2320,4,3,1
2321,4,3,1
2322,4,3,1
2323,4,3,1
2324,4,3,1
2325,4,3,1
2326,4,3,1
2327,4,3,1
2328,4,3,1
2329,4,3,1
2330,4,3,1
2331,4,3,1
2332,4,3,1
2333,4,3,1
2334,4,3,1
2335,4,3,1
2336,4,3,1
2337,4,3,1
2338,4,3,1
2339,4,3,1
2340,4,3,1
2341,4,3,1
2342,4,3,1
2343,4,3,1
2344,4,3,1
2345,4,3,1
2346,4,3,1
2347,4,3,1
2348,4,3,1
2349,4,3,1
2350,4,3,1
2351,4,3,1
2352,4,3,1
2353,4,3,1
2354,4,3,1
2355,4,3,1
2356,4,3,1
2357,4,3,1
2358,4,3,1
2359,4,3,1
2360,4,3,1
2361,4,3,1
2362,4,3,1
2363,4,3,1
2364,4,3,1
2365,4,3,1
2366,4,3,1
2367,4,3,1
2368,4,3,1
2369,4,3,1
2370,4,3,1
2371,4,3,1
2372,4,3,1
2373,4,3,1
2374,4,3,1
2375,4,3,1
2376,4,3,1
2377,4,3,1
2378,4,3,1
2379,4,3,1
2380,4,3,1
2381,4,3,1
2382,4,3,1
2383,4,3,1
2384,4,3,1
2385,4,3,1
2386,4,3,1
2387,4,3,1
2388,4,3,1
2389,4,3,1
2390,4,3,1
2391,4,3,1
2392,4,3,1
2393,4,3,1
2394,4,3,1
2395,4,3,1
2396,4,3,1
2397,4,3,1
2398,4,3,1
2399,4,3,1
2400,4,3,1
2401,4,3,1
2402,4,3,1
2403,4,3,1
2404,4,3,1
2405,4,3,1
2406,4,3,1
2407,4,3,1
2408,4,3,1
2409,4,3,1
2410,4,3,1
2411,4,3,1
2412,4,3,1
2413,4,3,1
2414,4,3,1
2415,4,3,1
2416,4,3,1
2417,4,3,1
2418,4,3,1
2419,4,3,1
2420,4,3,1
2421,4,3,1
2422,4,3,1
2423,4,3,1
2424,4,3,1
2425,4,3,1
2426,4,3,1
2427,4,3,1
2428,4,3,1
2429,4,3,1
2430,4,4,0
2431,4,4,0
2432,4,4,0
2433,4,4,0
2434,4,4,0
2435,4,4,0
2436,4,4,0
2437,4,4,0
2438,4,4,0
2439,4,4,0
2440,4,4,0
2441,4,4,0
2442,4,4,0
2443,4,4,1
2444,4,4,1
2445,4,4,1
2446,4,4,1
2447,4,4,1
2448,4,4,1
2449,4,4,1
2450,4,4,1
2451,4,4,1
2452,4,4,1
2453,4,4,1
2454,4,4,1
2455,4,4,1
2456,4,4,1
2457,4,4,1
2458,4,4,1
2459,4,4,1
2460,4,4,1
2461,4,4,1
2462,4,4,1
2463,4,4,1
2464,4,4,1
2465,4,4,1
2466,4,4,1
2467,4,4,1
2468,4,4,1
2469,4,4,1
2470,4,4,1
2471,4,4,1
2472,4,4,1
2473,4,4,1
2474,4,4,1
2475,4,4,1
2476,4,4,1
2477,4,4,1
2478,4,4,1
2479,4,4,1
2480,4,4,1
2481,4,4,1
2482,4,4,1
2483,4,4,1
2484,4,4,1
2485,4,4,1
2486,4,4,1
2487,4,4,1
2488,4,4,1
2489,4,4,1
2490,4,4,1
2491,4,4,1
2492,4,4,1
2493,4,4,1
2494,4,4,1
2495,4,4,1
2496,4,4,1
2497,4,4,1
2498,4,4,1
2499,4,4,1
2500,4,4,1
2501,4,4,1
2502,4,4,1
2503,4,4,1
2504,4,4,1
2505,4,4,1
2506,4,4,1
2507,4,4,1
2508,4,4,1
2509,4,4,1
2510,4,4,1
2511,4,4,1
2512,4,4,1
2513,4,4,1
2514,4,4,1
2515,4,4,1
2516,4,4,1
2517,4,4,1
2518,4,4,1
2519,4,4,1
2520,4,4,1
2521,4,4,1
2522,4,4,1
2523,4,4,1
2524,4,4,1
2525,4,4,1
2526,4,4,1
2527,4,4,1
2528,4,4,1
2529,4,4,1
2530,4,4,1
2531,4,4,1
2532,4,4,1
2533,4,4,1
2534,4,4,1
2535,4,4,1
2536,4,4,1
2537,4,4,1
2538,4,4,1
2539,4,4,1
2540,4,4,1
2541,4,4,1
2542,4,4,1
2543,4,4,1
2544,4,4,1
2545,4,4,1
2546,4,4,1
2547,4,4,1
2548,4,4,1
2549,4,4,1
2550,4,4,1
2551,4,4,1
2552,4,4,1
2553,4,4,1
2554,4,4,1
2555,4,4,1
2556,4,4,1
2557,4,4,1
2558,4,4,1
2559,4,4,1
2560,4,4,1
2561,4,4,1
2562,4,4,1
2563,4,4,1
2564,4,4,1
2565,4,4,1
2566,4,4,1
2567,4,4,1
2568,4,4,1
2569,4,4,1
2570,4,4,1
2571,4,4,1
2572,4,4,1
2573,4,4,1
2574,4,4,1
2575,4,4,1
2576,4,4,1
2577,4,4,1
2578,4,4,1
2579,4,4,1
2580,4,4,1
2581,4,4,1
2582,4,4,1
2583,4,4,1
2584,4,4,1
2585,4,4,1
2586,4,4,1
2587,4,4,1
2588,4,4,1
2589,4,4,1
2590,4,4,1
2591,4,4,1
2592,4,4,1
2593,4,4,1
2594,4,4,1
2595,4,4,1
2596,4,4,1
2597,4,4,1
2598,4,4,1
2599,4,4,1
2600,4,4,1
2601,4,4,1
2602,4,4,1
2603,4,4,1
2604,4,4,1
2605,4,4,1
2606,4,4,1
2607,4,4,1
2608,4,4,1
2609,4,4,1
2610,4,4,1
2611,4,4,1
2612,4,4,1
2613,4,4,1
2614,4,4,1
2615,4,4,1
2616,4,4,1
2617,4,4,1
2618,4,4,1
2619,4,4,1
2620,4,4,1
2621,4,4,1
2622,4,4,1
2623,4,4,1
2624,4,4,1
2625,4,4,1
2626,4,4,1
2627,4,4,1
2628,4,4,1
2629,4,4,1
2630,4,4,1
2631,4,4,1
2632,4,4,1
2633,4,4,1
2634,4,4,1
2635,4,4,1
2636,4,4,1
2637,4,4,1
2638,4,4,1
2639,4,4,1
2640,4,4,1
2641,4,4,1
2642,4,4,1
2643,4,4,1
2644,4,4,1
2645,4,4,1
2646,4,4,1
2647,4,4,1
2648,4,4,1
2649,4,4,1
2650,4,4,1
2651,4,4,1
2652,4,4,1
